timestamp,unit_id,unit_type,empire_or_resistance,location_x,location_y,destination_x,destination_y,homeworld
2023-07-11 16:06:31,1,stormtrooper,empire,10,7,5,1,Eriadu
2023-07-11 16:06:30,2,at-at,empire,8,1,10,4,Dagobah
2023-07-11 16:06:29,3,resistance_soldier,resistance,3,3,7,8,Toydaria
2023-07-11 16:06:28,4,tie_fighter,resistance,1,1,3,7,Iridonia
2023-07-11 16:06:27,5,unknown,empire,2,5,7,10,Aleen Minor
2023-07-11 16:06:26,6,x-wing,empire,3,9,10,2,Tatooine
2023-07-11 16:06:25,7,tie_silencer,resistance,7,4,3,2,Mirial
2023-07-11 16:06:24,8,resistance_soldier,empire,5,5,5,5,Tund
2023-07-11 16:06:23,9,x-wing,resistance,4,10,3,5,Haruun Kal
2023-07-11 16:06:22,10,tie_fighter,resistance,10,6,3,2,Glee Anselm
2023-07-11 16:06:21,11,x-wing,resistance,10,9,10,7,Eriadu
2023-07-11 16:06:20,12,unknown,empire,5,4,2,6,Vulpter
2023-07-11 16:06:19,13,tie_fighter,empire,3,9,9,3,Tatooine
2023-07-11 16:06:18,14,stormtrooper,resistance,8,1,5,10,Ryloth
2023-07-11 16:06:17,15,resistance_soldier,empire,10,5,6,1,Skako
2023-07-11 16:06:16,16,tie_fighter,empire,3,8,10,3,Toydaria
2023-07-11 16:06:15,17,tie_fighter,empire,1,9,2,7,Sullust
2023-07-11 16:06:14,18,unknown,resistance,3,4,8,1,Chandrila
2023-07-11 16:06:13,19,at-st,empire,3,1,1,3,Haruun Kal
2023-07-11 16:06:12,20,stormtrooper,empire,7,8,2,9,Glee Anselm
2023-07-11 16:06:11,21,tie_fighter,resistance,3,6,6,10,Vulpter
2023-07-11 16:06:10,22,at-at,resistance,10,3,4,6,Alderaan
2023-07-11 16:06:09,23,x-wing,empire,1,2,9,5,Quermia
2023-07-11 16:06:08,24,tie_silencer,empire,10,2,4,3,Socorro
2023-07-11 16:06:07,25,x-wing,resistance,3,4,4,3,Chandrila
2023-07-11 16:06:06,26,unknown,resistance,2,2,10,4,Dorin
2023-07-11 16:06:05,27,unknown,resistance,4,8,6,8,Corellia
2023-07-11 16:06:04,28,tie_silencer,empire,6,8,6,6,Chandrila
2023-07-11 16:06:03,29,unknown,resistance,6,8,2,1,Haruun Kal
2023-07-11 16:06:02,30,at-st,empire,1,8,9,8,Troiken
2023-07-11 16:06:01,31,tie_silencer,resistance,7,3,10,8,Dagobah
2023-07-11 16:06:00,32,stormtrooper,resistance,3,4,6,2,Dathomir
2023-07-11 16:05:59,33,resistance_soldier,empire,2,9,9,8,Naboo
2023-07-11 16:05:58,34,resistance_soldier,resistance,3,7,10,8,Eriadu
2023-07-11 16:05:57,35,stormtrooper,resistance,9,5,1,8,Zolan
2023-07-11 16:05:56,36,resistance_soldier,resistance,3,2,9,5,Kalee
2023-07-11 16:05:55,37,tie_silencer,empire,5,8,1,2,Vulpter
2023-07-11 16:05:54,38,tie_fighter,empire,10,9,10,10,Zolan
2023-07-11 16:05:53,39,at-st,empire,5,2,4,5,Kashyyyk
2023-07-11 16:05:52,40,tie_silencer,resistance,5,1,4,8,Skako
2023-07-11 16:05:51,41,x-wing,empire,3,2,2,7,Toydaria
2023-07-11 16:05:50,42,unknown,resistance,5,5,7,3,Serenno
2023-07-11 16:05:49,43,stormtrooper,resistance,7,6,4,7,Stewjon
2023-07-11 16:05:48,44,tie_fighter,empire,9,1,2,5,Ojom
2023-07-11 16:05:47,45,at-st,resistance,1,5,10,1,Mirial
2023-07-11 16:05:46,46,x-wing,empire,2,9,3,1,Glee Anselm
2023-07-11 16:05:45,47,tie_fighter,empire,9,2,2,4,Dagobah
2023-07-11 16:05:44,48,at-at,empire,1,1,7,4,Muunilinst
2023-07-11 16:05:43,49,stormtrooper,resistance,6,8,1,9,Ojom
2023-07-11 16:05:42,50,tie_fighter,empire,6,6,2,6,Iktotch
2023-07-11 16:05:41,51,stormtrooper,resistance,10,2,3,3,Troiken
2023-07-11 16:05:40,52,at-st,empire,1,4,10,7,Muunilinst
2023-07-11 16:05:39,53,stormtrooper,resistance,5,3,5,1,Sullust
2023-07-11 16:05:38,54,resistance_soldier,empire,2,5,7,7,Iridonia
2023-07-11 16:05:37,55,at-at,resistance,4,1,2,4,Iridonia
2023-07-11 16:05:36,56,tie_silencer,resistance,1,8,6,5,Dagobah
2023-07-11 16:05:35,57,tie_silencer,resistance,4,9,10,9,Glee Anselm
2023-07-11 16:05:34,58,at-at,empire,1,4,10,6,Champala
2023-07-11 16:05:33,59,resistance_soldier,resistance,1,4,3,9,Malastare
2023-07-11 16:05:32,60,unknown,resistance,4,5,2,1,Socorro
2023-07-11 16:05:31,61,at-at,resistance,2,6,7,6,Trandosha
2023-07-11 16:05:30,62,at-st,empire,1,3,6,5,Toydaria
2023-07-11 16:05:29,63,tie_silencer,resistance,7,10,2,6,Glee Anselm
2023-07-11 16:05:28,64,tie_fighter,resistance,3,3,3,10,Naboo
2023-07-11 16:05:27,65,tie_silencer,resistance,6,8,1,6,Dorin
2023-07-11 16:05:26,66,unknown,resistance,10,7,3,10,Kalee
2023-07-11 16:05:25,67,tie_fighter,resistance,6,9,4,8,Stewjon
2023-07-11 16:05:24,68,tie_fighter,resistance,10,9,2,10,Naboo
2023-07-11 16:05:23,69,unknown,empire,8,10,7,10,Ojom
2023-07-11 16:05:22,70,stormtrooper,empire,6,5,8,10,Chandrila
2023-07-11 16:05:21,71,x-wing,empire,1,8,5,10,Corellia
2023-07-11 16:05:20,72,stormtrooper,empire,10,2,10,1,Corellia
2023-07-11 16:05:19,73,at-at,empire,10,1,9,2,Tatooine
2023-07-11 16:05:18,74,tie_fighter,empire,9,10,8,4,Ojom
2023-07-11 16:05:17,75,unknown,empire,1,3,9,5,Toydaria
2023-07-11 16:05:16,76,tie_silencer,resistance,4,6,4,10,Haruun Kal
2023-07-11 16:05:15,77,at-at,empire,2,3,5,6,Corellia
2023-07-11 16:05:14,78,at-st,empire,1,2,5,9,Aleen Minor
2023-07-11 16:05:13,79,unknown,resistance,6,9,10,5,Toydaria
2023-07-11 16:05:12,80,x-wing,empire,4,6,2,2,Dathomir
2023-07-11 16:05:11,81,stormtrooper,resistance,10,1,5,8,Dathomir
2023-07-11 16:05:10,82,resistance_soldier,empire,1,3,8,9,Dorin
2023-07-11 16:05:09,83,at-at,empire,1,4,2,2,Chandrila
2023-07-11 16:05:08,84,tie_fighter,resistance,7,8,1,1,Haruun Kal
2023-07-11 16:05:07,85,at-st,empire,3,7,5,7,Sullust
2023-07-11 16:05:06,86,at-st,resistance,2,9,1,6,Chandrila
2023-07-11 16:05:05,87,resistance_soldier,empire,6,3,7,6,Cerea
2023-07-11 16:05:04,88,tie_fighter,resistance,1,7,7,8,Alderaan
2023-07-11 16:05:03,89,at-st,resistance,2,3,10,5,Socorro
2023-07-11 16:05:02,90,unknown,empire,2,5,5,6,Dorin
2023-07-11 16:05:01,91,at-st,empire,10,8,2,2,Champala
2023-07-11 16:05:00,92,tie_fighter,resistance,10,7,5,5,Champala
2023-07-11 16:04:59,93,at-at,resistance,6,10,8,7,Malastare
2023-07-11 16:04:58,94,x-wing,resistance,9,9,2,3,Zolan
2023-07-11 16:04:57,95,unknown,empire,6,5,6,3,Skako
2023-07-11 16:04:56,96,tie_fighter,empire,8,1,8,5,Umbara
2023-07-11 16:04:55,97,unknown,resistance,4,5,5,3,Skako
2023-07-11 16:04:54,98,tie_silencer,resistance,2,6,1,8,Dorin
2023-07-11 16:04:53,99,stormtrooper,resistance,8,7,2,3,Glee Anselm
2023-07-11 16:04:52,100,unknown,empire,10,5,8,9,Socorro
2023-07-11 16:04:51,101,stormtrooper,resistance,5,8,4,7,Malastare
2023-07-11 16:04:50,102,stormtrooper,empire,6,8,5,8,Zolan
2023-07-11 16:04:49,103,unknown,empire,10,3,2,5,Shili
2023-07-11 16:04:48,104,tie_silencer,empire,7,6,6,3,Concord Dawn
2023-07-11 16:04:47,105,tie_fighter,empire,2,1,9,4,Mirial
2023-07-11 16:04:46,106,resistance_soldier,empire,4,4,6,4,Corellia
2023-07-11 16:04:45,107,tie_silencer,empire,4,1,5,2,Muunilinst
2023-07-11 16:04:44,108,at-at,resistance,9,8,9,10,Rodia
2023-07-11 16:04:43,109,tie_fighter,empire,10,1,1,3,Dagobah
2023-07-11 16:04:42,110,stormtrooper,resistance,8,2,1,9,Malastare
2023-07-11 16:04:41,111,at-at,empire,2,6,10,5,Eriadu
2023-07-11 16:04:40,112,stormtrooper,empire,3,9,5,6,Ryloth
2023-07-11 16:04:39,113,stormtrooper,empire,10,4,10,10,Malastare
2023-07-11 16:04:38,114,unknown,resistance,6,2,8,1,Champala
2023-07-11 16:04:37,115,x-wing,resistance,10,6,7,10,Ojom
2023-07-11 16:04:36,116,resistance_soldier,resistance,1,10,6,6,Stewjon
2023-07-11 16:04:35,117,tie_fighter,empire,9,1,4,2,Shili
2023-07-11 16:04:34,118,tie_silencer,empire,9,2,5,2,Kashyyyk
2023-07-11 16:04:33,119,tie_silencer,resistance,9,4,10,8,Socorro
2023-07-11 16:04:32,120,unknown,resistance,9,7,2,10,Dagobah
2023-07-11 16:04:31,121,at-at,empire,3,5,6,5,Dagobah
2023-07-11 16:04:30,122,resistance_soldier,resistance,4,3,5,3,Stewjon
2023-07-11 16:04:29,123,at-at,resistance,3,6,4,7,Quermia
2023-07-11 16:04:28,124,tie_fighter,empire,10,9,2,6,Mirial
2023-07-11 16:04:27,125,stormtrooper,empire,4,2,10,1,Bestine IV
2023-07-11 16:04:26,126,at-st,resistance,8,1,4,10,Malastare
2023-07-11 16:04:25,127,tie_fighter,resistance,2,3,4,3,Skako
2023-07-11 16:04:24,128,resistance_soldier,empire,10,2,4,2,Quermia
2023-07-11 16:04:23,129,stormtrooper,empire,3,2,3,2,Eriadu
2023-07-11 16:04:22,130,unknown,empire,10,5,6,6,Tund
2023-07-11 16:04:21,131,at-st,empire,8,3,5,6,Troiken
2023-07-11 16:04:20,132,tie_silencer,resistance,2,10,5,7,Ojom
2023-07-11 16:04:19,133,stormtrooper,resistance,6,6,4,5,Troiken
2023-07-11 16:04:18,134,x-wing,resistance,6,2,3,1,Sullust
2023-07-11 16:04:17,135,resistance_soldier,empire,2,4,3,5,Stewjon
2023-07-11 16:04:16,136,at-at,empire,8,6,2,3,Stewjon
2023-07-11 16:04:15,137,at-at,resistance,8,2,8,5,Stewjon
2023-07-11 16:04:14,138,unknown,resistance,7,9,2,6,Alderaan
2023-07-11 16:04:13,139,x-wing,empire,9,2,6,6,Chandrila
2023-07-11 16:04:12,140,unknown,resistance,10,8,8,6,Corellia
2023-07-11 16:04:11,141,at-st,resistance,9,4,3,3,Troiken
2023-07-11 16:04:10,142,tie_fighter,empire,7,7,4,1,Skako
2023-07-11 16:04:09,143,stormtrooper,resistance,10,1,6,2,Vulpter
2023-07-11 16:04:08,144,resistance_soldier,empire,5,6,1,2,Champala
2023-07-11 16:04:07,145,resistance_soldier,empire,5,8,9,2,Glee Anselm
2023-07-11 16:04:06,146,tie_fighter,resistance,9,6,10,8,Tholoth
2023-07-11 16:04:05,147,at-at,empire,6,5,5,8,Naboo
2023-07-11 16:04:04,148,stormtrooper,resistance,2,4,2,10,Shili
2023-07-11 16:04:03,149,unknown,empire,6,6,7,1,Troiken
2023-07-11 16:04:02,150,resistance_soldier,resistance,9,3,10,4,Ryloth
2023-07-11 16:04:01,151,resistance_soldier,empire,3,8,10,2,Iktotch
2023-07-11 16:04:00,152,tie_silencer,resistance,1,9,5,9,Umbara
2023-07-11 16:03:59,153,unknown,resistance,5,2,3,10,Aleen Minor
2023-07-11 16:03:58,154,x-wing,empire,7,10,3,8,Zolan
2023-07-11 16:03:57,155,resistance_soldier,resistance,10,5,1,5,Eriadu
2023-07-11 16:03:56,156,stormtrooper,resistance,8,8,9,7,Cerea
2023-07-11 16:03:55,157,x-wing,resistance,10,3,9,7,Kalee
2023-07-11 16:03:54,158,tie_fighter,empire,6,1,5,6,Trandosha
2023-07-11 16:03:53,159,unknown,empire,9,10,2,1,Troiken
2023-07-11 16:03:52,160,resistance_soldier,resistance,7,4,2,9,Malastare
2023-07-11 16:03:51,161,unknown,resistance,6,10,10,7,Bestine IV
2023-07-11 16:03:50,162,tie_silencer,empire,3,9,3,9,Stewjon
2023-07-11 16:03:49,163,at-at,resistance,7,8,6,8,Tholoth
2023-07-11 16:03:48,164,resistance_soldier,empire,4,4,8,1,Haruun Kal
2023-07-11 16:03:47,165,at-at,resistance,2,3,9,3,Mon Cala
2023-07-11 16:03:46,166,at-at,empire,7,3,4,4,Concord Dawn
2023-07-11 16:03:45,167,at-st,empire,2,8,4,9,Kashyyyk
2023-07-11 16:03:44,168,at-at,resistance,4,7,6,10,Iktotch
2023-07-11 16:03:43,169,at-at,resistance,7,5,4,4,Bestine IV
2023-07-11 16:03:42,170,at-st,empire,10,4,7,7,Haruun Kal
2023-07-11 16:03:41,171,tie_fighter,resistance,10,10,4,6,Eriadu
2023-07-11 16:03:40,172,at-at,empire,3,7,7,1,Dorin
2023-07-11 16:03:39,173,unknown,resistance,9,2,10,6,Vulpter
2023-07-11 16:03:38,174,at-at,resistance,7,3,3,3,Bestine IV
2023-07-11 16:03:37,175,stormtrooper,resistance,3,3,1,7,Dathomir
2023-07-11 16:03:36,176,unknown,empire,6,1,9,1,Naboo
2023-07-11 16:03:35,177,stormtrooper,resistance,8,2,9,5,Aleen Minor
2023-07-11 16:03:34,178,stormtrooper,resistance,6,2,2,2,Kashyyyk
2023-07-11 16:03:33,179,unknown,resistance,7,6,4,2,Glee Anselm
2023-07-11 16:03:32,180,resistance_soldier,resistance,7,9,10,4,Toydaria
2023-07-11 16:03:31,181,at-at,resistance,2,6,7,8,Alderaan
2023-07-11 16:03:30,182,x-wing,resistance,1,7,7,1,Quermia
2023-07-11 16:03:29,183,x-wing,resistance,9,3,10,6,Dagobah
2023-07-11 16:03:28,184,stormtrooper,empire,10,9,2,8,Cerea
2023-07-11 16:03:27,185,tie_fighter,empire,10,10,5,3,Socorro
2023-07-11 16:03:26,186,tie_fighter,resistance,3,7,5,10,Concord Dawn
2023-07-11 16:03:25,187,x-wing,resistance,4,7,3,1,Shili
2023-07-11 16:03:24,188,at-st,resistance,6,10,3,4,Eriadu
2023-07-11 16:03:23,189,at-at,resistance,4,8,3,2,Champala
2023-07-11 16:03:22,190,unknown,empire,4,8,1,3,Sullust
2023-07-11 16:03:21,191,resistance_soldier,resistance,8,2,9,3,Skako
2023-07-11 16:03:20,192,tie_silencer,empire,9,9,1,10,Chandrila
2023-07-11 16:03:19,193,unknown,resistance,6,5,2,6,Trandosha
2023-07-11 16:03:18,194,at-st,resistance,8,9,3,8,Skako
2023-07-11 16:03:17,195,tie_fighter,resistance,6,6,7,7,Tatooine
2023-07-11 16:03:16,196,stormtrooper,resistance,3,2,8,8,Naboo
2023-07-11 16:03:15,197,tie_fighter,resistance,1,1,8,7,Alderaan
2023-07-11 16:03:14,198,tie_silencer,resistance,7,5,7,8,Kalee
2023-07-11 16:03:13,199,stormtrooper,empire,2,5,6,5,Concord Dawn
2023-07-11 16:03:12,200,stormtrooper,resistance,3,4,6,5,Serenno
2023-07-11 16:03:11,201,at-st,empire,1,9,1,9,Troiken
2023-07-11 16:03:10,202,tie_fighter,empire,3,4,4,10,Aleen Minor
2023-07-11 16:03:09,203,resistance_soldier,empire,2,4,5,8,Mirial
2023-07-11 16:03:08,204,x-wing,resistance,4,5,2,6,Dathomir
2023-07-11 16:03:07,205,tie_fighter,resistance,4,2,9,6,Rodia
2023-07-11 16:03:06,206,tie_silencer,empire,8,3,10,8,Skako
2023-07-11 16:03:05,207,at-st,resistance,2,1,4,7,Zolan
2023-07-11 16:03:04,208,tie_silencer,resistance,9,2,10,4,Umbara
2023-07-11 16:03:03,209,at-at,empire,10,9,5,5,Iktotch
2023-07-11 16:03:02,210,at-at,empire,10,7,7,8,Chandrila
2023-07-11 16:03:01,211,at-at,empire,4,9,2,5,Kashyyyk
2023-07-11 16:03:00,212,tie_fighter,resistance,5,8,5,10,Vulpter
2023-07-11 16:02:59,213,unknown,empire,5,3,8,10,Aleen Minor
2023-07-11 16:02:58,214,tie_silencer,resistance,4,3,2,3,Quermia
2023-07-11 16:02:57,215,stormtrooper,empire,4,8,1,10,Bestine IV
2023-07-11 16:02:56,216,tie_fighter,empire,5,7,9,8,Ojom
2023-07-11 16:02:55,217,stormtrooper,empire,1,8,9,6,Iridonia
2023-07-11 16:02:54,218,stormtrooper,empire,3,7,10,10,Dorin
2023-07-11 16:02:53,219,resistance_soldier,resistance,4,4,6,9,Skako
2023-07-11 16:02:52,220,tie_silencer,resistance,9,3,10,5,Rodia
2023-07-11 16:02:51,221,at-at,empire,4,8,4,10,Tund
2023-07-11 16:02:50,222,at-at,empire,10,6,5,10,Vulpter
2023-07-11 16:02:49,223,unknown,empire,7,4,4,8,Tholoth
2023-07-11 16:02:48,224,unknown,empire,2,10,7,1,Dagobah
2023-07-11 16:02:47,225,tie_fighter,empire,4,4,5,2,Dorin
2023-07-11 16:02:46,226,tie_fighter,resistance,7,6,9,8,Bestine IV
2023-07-11 16:02:45,227,tie_fighter,empire,4,10,1,5,Eriadu
2023-07-11 16:02:44,228,tie_fighter,resistance,1,7,6,4,Tund
2023-07-11 16:02:43,229,resistance_soldier,resistance,6,2,10,4,Corellia
2023-07-11 16:02:42,230,stormtrooper,empire,1,5,4,6,Tholoth
2023-07-11 16:02:41,231,stormtrooper,empire,6,1,9,1,Shili
2023-07-11 16:02:40,232,tie_fighter,empire,4,6,8,7,Muunilinst
2023-07-11 16:02:39,233,tie_silencer,resistance,2,6,10,10,Kalee
2023-07-11 16:02:38,234,unknown,empire,7,4,4,5,Rodia
2023-07-11 16:02:37,235,at-at,empire,2,7,3,2,Socorro
2023-07-11 16:02:36,236,unknown,empire,9,8,9,7,Toydaria
2023-07-11 16:02:35,237,tie_fighter,resistance,5,7,8,4,Dorin
2023-07-11 16:02:34,238,unknown,empire,6,4,3,10,Dagobah
2023-07-11 16:02:33,239,tie_silencer,empire,6,1,2,6,Quermia
2023-07-11 16:02:32,240,resistance_soldier,resistance,6,8,9,1,Tholoth
2023-07-11 16:02:31,241,stormtrooper,resistance,8,6,5,5,Zolan
2023-07-11 16:02:30,242,stormtrooper,empire,10,4,8,9,Zolan
2023-07-11 16:02:29,243,x-wing,empire,8,10,8,4,Zolan
2023-07-11 16:02:28,244,at-at,empire,10,10,5,9,Bestine IV
2023-07-11 16:02:27,245,at-st,resistance,10,5,9,7,Eriadu
2023-07-11 16:02:26,246,at-st,empire,9,9,1,5,Quermia
2023-07-11 16:02:25,247,tie_silencer,empire,8,2,9,2,Dorin
2023-07-11 16:02:24,248,x-wing,resistance,9,10,9,3,Trandosha
2023-07-11 16:02:23,249,at-at,empire,9,5,6,5,Eriadu
2023-07-11 16:02:22,250,stormtrooper,empire,9,8,1,5,Cerea
2023-07-11 16:02:21,251,stormtrooper,resistance,6,6,10,9,Muunilinst
2023-07-11 16:02:20,252,stormtrooper,empire,3,5,3,7,Rodia
2023-07-11 16:02:19,253,stormtrooper,resistance,8,6,9,6,Kashyyyk
2023-07-11 16:02:18,254,x-wing,resistance,7,9,6,9,Tatooine
2023-07-11 16:02:17,255,at-st,resistance,5,4,9,2,Quermia
2023-07-11 16:02:16,256,at-st,empire,3,8,10,7,Iridonia
2023-07-11 16:02:15,257,x-wing,resistance,7,2,8,6,Skako
2023-07-11 16:02:14,258,resistance_soldier,empire,2,3,4,10,Rodia
2023-07-11 16:02:13,259,stormtrooper,resistance,7,3,4,8,Rodia
2023-07-11 16:02:12,260,unknown,resistance,5,5,1,6,Dathomir
2023-07-11 16:02:11,261,tie_fighter,empire,6,10,4,9,Bestine IV
2023-07-11 16:02:10,262,at-st,resistance,6,3,10,5,Concord Dawn
2023-07-11 16:02:09,263,at-st,empire,8,3,5,9,Ryloth
2023-07-11 16:02:08,264,unknown,empire,3,5,1,6,Aleen Minor
2023-07-11 16:02:07,265,x-wing,resistance,5,3,9,5,Iridonia
2023-07-11 16:02:06,266,tie_silencer,resistance,6,1,3,3,Skako
2023-07-11 16:02:05,267,x-wing,resistance,9,5,3,9,Chandrila
2023-07-11 16:02:04,268,tie_silencer,empire,6,4,2,2,Corellia
2023-07-11 16:02:03,269,x-wing,empire,10,4,5,7,Trandosha
2023-07-11 16:02:02,270,at-at,empire,8,5,4,9,Dagobah
2023-07-11 16:02:01,271,tie_silencer,resistance,3,10,10,1,Iktotch
2023-07-11 16:02:00,272,at-st,empire,3,8,1,6,Naboo
2023-07-11 16:01:59,273,resistance_soldier,resistance,9,2,4,8,Ojom
2023-07-11 16:01:58,274,at-at,empire,4,7,6,10,Corellia
2023-07-11 16:01:57,275,at-at,resistance,4,1,10,2,Eriadu
2023-07-11 16:01:56,276,unknown,empire,8,7,9,5,Zolan
2023-07-11 16:01:55,277,stormtrooper,resistance,2,5,3,1,Corellia
2023-07-11 16:01:54,278,x-wing,empire,10,6,1,3,Tholoth
2023-07-11 16:01:53,279,tie_silencer,resistance,1,7,3,2,Malastare
2023-07-11 16:01:52,280,resistance_soldier,resistance,1,10,7,6,Tatooine
2023-07-11 16:01:51,281,stormtrooper,empire,4,9,5,4,Trandosha
2023-07-11 16:01:50,282,at-st,resistance,7,9,9,1,Kashyyyk
2023-07-11 16:01:49,283,resistance_soldier,empire,9,6,3,3,Ojom
2023-07-11 16:01:48,284,at-at,empire,2,10,7,1,Alderaan
2023-07-11 16:01:47,285,at-at,resistance,5,10,8,10,Iridonia
2023-07-11 16:01:46,286,resistance_soldier,empire,9,4,2,10,Skako
2023-07-11 16:01:45,287,at-st,resistance,5,5,5,7,Tatooine
2023-07-11 16:01:44,288,unknown,empire,9,6,8,6,Kalee
2023-07-11 16:01:43,289,at-st,empire,9,9,3,2,Alderaan
2023-07-11 16:01:42,290,x-wing,empire,3,4,5,4,Aleen Minor
2023-07-11 16:01:41,291,at-st,resistance,2,8,8,4,Sullust
2023-07-11 16:01:40,292,unknown,resistance,5,4,5,6,Tund
2023-07-11 16:01:39,293,unknown,resistance,2,2,1,6,Troiken
2023-07-11 16:01:38,294,resistance_soldier,empire,2,6,8,3,Mon Cala
2023-07-11 16:01:37,295,at-at,empire,6,9,2,4,Dagobah
2023-07-11 16:01:36,296,unknown,resistance,3,1,3,5,Aleen Minor
2023-07-11 16:01:35,297,at-st,resistance,8,7,8,2,Troiken
2023-07-11 16:01:34,298,unknown,empire,1,4,6,2,Dathomir
2023-07-11 16:01:33,299,stormtrooper,empire,3,8,3,9,Alderaan
2023-07-11 16:01:32,300,tie_fighter,empire,9,2,6,8,Mirial
2023-07-11 16:01:31,301,at-st,resistance,4,2,10,4,Umbara
2023-07-11 16:01:30,302,stormtrooper,empire,10,5,1,2,Naboo
2023-07-11 16:01:29,303,tie_silencer,empire,1,10,3,1,Umbara
2023-07-11 16:01:28,304,at-st,empire,1,1,7,6,Ojom
2023-07-11 16:01:27,305,x-wing,resistance,5,4,4,8,Trandosha
2023-07-11 16:01:26,306,x-wing,resistance,10,4,1,6,Ryloth
2023-07-11 16:01:25,307,at-at,resistance,3,8,10,1,Dathomir
2023-07-11 16:01:24,308,unknown,empire,7,10,3,4,Haruun Kal
2023-07-11 16:01:23,309,unknown,resistance,7,5,10,7,Champala
2023-07-11 16:01:22,310,unknown,empire,5,7,6,7,Muunilinst
2023-07-11 16:01:21,311,at-st,empire,7,1,5,7,Sullust
2023-07-11 16:01:20,312,tie_silencer,empire,4,7,1,10,Iridonia
2023-07-11 16:01:19,313,stormtrooper,resistance,3,6,2,4,Eriadu
2023-07-11 16:01:18,314,unknown,empire,3,5,8,4,Concord Dawn
2023-07-11 16:01:17,315,at-at,resistance,9,9,3,8,Kashyyyk
2023-07-11 16:01:16,316,unknown,empire,10,6,6,10,Dagobah
2023-07-11 16:01:15,317,unknown,empire,7,1,3,3,Tatooine
2023-07-11 16:01:14,318,resistance_soldier,empire,8,7,5,4,Champala
2023-07-11 16:01:13,319,resistance_soldier,resistance,1,2,9,2,Mon Cala
2023-07-11 16:01:12,320,x-wing,empire,7,4,3,2,Trandosha
2023-07-11 16:01:11,321,tie_fighter,resistance,7,4,8,4,Kashyyyk
2023-07-11 16:01:10,322,tie_fighter,empire,6,9,4,7,Troiken
2023-07-11 16:01:09,323,tie_silencer,resistance,8,5,1,7,Kashyyyk
2023-07-11 16:01:08,324,at-at,resistance,6,7,5,9,Troiken
2023-07-11 16:01:07,325,at-st,empire,4,5,8,3,Sullust
2023-07-11 16:01:06,326,tie_silencer,resistance,6,2,5,10,Sullust
2023-07-11 16:01:05,327,x-wing,resistance,9,3,8,3,Mon Cala
2023-07-11 16:01:04,328,at-at,resistance,4,4,5,7,Champala
2023-07-11 16:01:03,329,at-at,empire,9,9,3,9,Serenno
2023-07-11 16:01:02,330,at-st,resistance,4,9,3,9,Serenno
2023-07-11 16:01:01,331,stormtrooper,resistance,10,2,1,2,Cerea
2023-07-11 16:01:00,332,at-st,empire,9,3,4,6,Cerea
2023-07-11 16:00:59,333,resistance_soldier,empire,6,7,9,1,Quermia
2023-07-11 16:00:58,334,at-at,empire,9,6,7,6,Dorin
2023-07-11 16:00:57,335,stormtrooper,resistance,5,6,9,4,Umbara
2023-07-11 16:00:56,336,resistance_soldier,empire,1,7,1,7,Umbara
2023-07-11 16:00:55,337,tie_silencer,resistance,3,2,8,7,Skako
2023-07-11 16:00:54,338,at-st,resistance,9,6,2,5,Kalee
2023-07-11 16:00:53,339,x-wing,empire,8,5,10,1,Sullust
2023-07-11 16:00:52,340,stormtrooper,resistance,9,3,2,10,Champala
2023-07-11 16:00:51,341,x-wing,resistance,10,8,4,1,Kashyyyk
2023-07-11 16:00:50,342,tie_silencer,resistance,2,9,3,9,Serenno
2023-07-11 16:00:49,343,at-st,resistance,5,10,7,9,Kalee
2023-07-11 16:00:48,344,unknown,empire,4,4,6,9,Rodia
2023-07-11 16:00:47,345,at-st,resistance,5,10,7,3,Quermia
2023-07-11 16:00:46,346,resistance_soldier,empire,3,2,1,5,Skako
2023-07-11 16:00:45,347,at-at,empire,9,1,6,10,Sullust
2023-07-11 16:00:44,348,x-wing,resistance,4,8,9,7,Tatooine
2023-07-11 16:00:43,349,at-st,resistance,10,3,8,9,Tholoth
2023-07-11 16:00:42,350,x-wing,empire,6,6,1,3,Naboo
2023-07-11 16:00:41,351,at-at,empire,4,5,3,6,Malastare
2023-07-11 16:00:40,352,tie_silencer,resistance,3,10,5,7,Zolan
2023-07-11 16:00:39,353,at-at,empire,10,4,4,2,Malastare
2023-07-11 16:00:38,354,stormtrooper,resistance,2,5,7,7,Zolan
2023-07-11 16:00:37,355,at-st,empire,10,8,9,10,Iridonia
2023-07-11 16:00:36,356,unknown,empire,8,9,7,7,Ojom
2023-07-11 16:00:35,357,at-st,empire,9,3,3,5,Tund
2023-07-11 16:00:34,358,x-wing,resistance,7,7,3,2,Alderaan
2023-07-11 16:00:33,359,at-st,empire,4,6,2,9,Vulpter
2023-07-11 16:00:32,360,tie_fighter,empire,6,8,8,6,Vulpter
2023-07-11 16:00:31,361,unknown,empire,10,5,10,7,Shili
2023-07-11 16:00:30,362,at-at,resistance,8,6,2,5,Umbara
2023-07-11 16:00:29,363,unknown,empire,10,7,6,2,Troiken
2023-07-11 16:00:28,364,x-wing,resistance,1,8,4,6,Skako
2023-07-11 16:00:27,365,tie_fighter,resistance,6,5,9,1,Corellia
2023-07-11 16:00:26,366,unknown,resistance,3,8,6,2,Mon Cala
2023-07-11 16:00:25,367,at-at,empire,1,10,6,10,Tund
2023-07-11 16:00:24,368,resistance_soldier,empire,3,7,1,5,Glee Anselm
2023-07-11 16:00:23,369,tie_fighter,resistance,5,10,2,1,Quermia
2023-07-11 16:00:22,370,at-at,resistance,4,7,2,3,Corellia
2023-07-11 16:00:21,371,unknown,empire,6,8,7,6,Socorro
2023-07-11 16:00:20,372,stormtrooper,empire,7,5,6,2,Mirial
2023-07-11 16:00:19,373,unknown,resistance,7,10,9,5,Glee Anselm
2023-07-11 16:00:18,374,stormtrooper,empire,7,2,2,8,Naboo
2023-07-11 16:00:17,375,at-at,resistance,2,1,7,6,Stewjon
2023-07-11 16:00:16,376,unknown,resistance,5,3,4,5,Iridonia
2023-07-11 16:00:15,377,stormtrooper,resistance,7,8,10,6,Dagobah
2023-07-11 16:00:14,378,resistance_soldier,resistance,10,1,5,1,Aleen Minor
2023-07-11 16:00:13,379,tie_fighter,empire,7,8,9,9,Zolan
2023-07-11 16:00:12,380,x-wing,empire,7,5,7,10,Tatooine
2023-07-11 16:00:11,381,tie_fighter,resistance,9,2,3,4,Bestine IV
2023-07-11 16:00:10,382,at-at,resistance,4,5,3,8,Bestine IV
2023-07-11 16:00:09,383,tie_silencer,resistance,2,7,7,6,Champala
2023-07-11 16:00:08,384,at-st,resistance,4,5,3,10,Mon Cala
2023-07-11 16:00:07,385,tie_fighter,empire,6,3,7,4,Zolan
2023-07-11 16:00:06,386,tie_silencer,resistance,5,3,6,5,Cerea
2023-07-11 16:00:05,387,resistance_soldier,empire,1,5,1,9,Troiken
2023-07-11 16:00:04,388,x-wing,empire,3,9,1,9,Eriadu
2023-07-11 16:00:03,389,tie_silencer,resistance,6,8,7,6,Concord Dawn
2023-07-11 16:00:02,390,resistance_soldier,resistance,4,2,2,6,Kashyyyk
2023-07-11 16:00:01,391,x-wing,empire,2,6,3,1,Bestine IV
2023-07-11 16:00:00,392,at-st,empire,5,1,8,2,Dagobah
2023-07-11 15:59:59,393,x-wing,resistance,9,9,9,3,Quermia
2023-07-11 15:59:58,394,at-at,empire,2,4,3,10,Kashyyyk
2023-07-11 15:59:57,395,stormtrooper,empire,7,10,10,3,Kalee
2023-07-11 15:59:56,396,at-at,resistance,5,3,5,5,Sullust
2023-07-11 15:59:55,397,tie_silencer,empire,5,10,9,10,Iktotch
2023-07-11 15:59:54,398,tie_fighter,resistance,2,8,6,3,Bestine IV
2023-07-11 15:59:53,399,tie_silencer,empire,5,3,8,5,Trandosha
2023-07-11 15:59:52,400,unknown,resistance,2,2,7,8,Tund
2023-07-11 15:59:51,401,unknown,resistance,6,7,5,6,Glee Anselm
2023-07-11 15:59:50,402,unknown,empire,6,7,1,1,Malastare
2023-07-11 15:59:49,403,unknown,resistance,4,7,10,7,Tund
2023-07-11 15:59:48,404,resistance_soldier,empire,7,10,8,1,Aleen Minor
2023-07-11 15:59:47,405,at-at,resistance,10,6,6,7,Champala
2023-07-11 15:59:46,406,tie_fighter,empire,4,2,9,8,Haruun Kal
2023-07-11 15:59:45,407,resistance_soldier,resistance,8,6,2,1,Dorin
2023-07-11 15:59:44,408,unknown,resistance,8,3,1,5,Iktotch
2023-07-11 15:59:43,409,at-at,resistance,2,10,8,4,Sullust
2023-07-11 15:59:42,410,resistance_soldier,empire,4,3,4,7,Mon Cala
2023-07-11 15:59:41,411,unknown,resistance,4,2,9,6,Tholoth
2023-07-11 15:59:40,412,resistance_soldier,resistance,9,8,4,6,Alderaan
2023-07-11 15:59:39,413,tie_silencer,resistance,7,1,7,6,Serenno
2023-07-11 15:59:38,414,at-at,empire,2,10,3,6,Rodia
2023-07-11 15:59:37,415,at-at,empire,7,1,5,1,Tholoth
2023-07-11 15:59:36,416,at-at,resistance,5,3,8,1,Skako
2023-07-11 15:59:35,417,resistance_soldier,resistance,8,9,2,1,Ojom
2023-07-11 15:59:34,418,unknown,empire,3,5,9,9,Umbara
2023-07-11 15:59:33,419,x-wing,resistance,6,8,10,8,Concord Dawn
2023-07-11 15:59:32,420,at-at,empire,10,3,6,5,Trandosha
2023-07-11 15:59:31,421,tie_fighter,empire,4,1,4,10,Eriadu
2023-07-11 15:59:30,422,resistance_soldier,resistance,8,7,10,10,Iktotch
2023-07-11 15:59:29,423,at-st,empire,10,7,3,3,Eriadu
2023-07-11 15:59:28,424,stormtrooper,resistance,9,1,6,3,Eriadu
2023-07-11 15:59:27,425,tie_silencer,empire,9,7,5,2,Naboo
2023-07-11 15:59:26,426,unknown,resistance,5,1,2,6,Skako
2023-07-11 15:59:25,427,tie_silencer,resistance,7,6,3,8,Alderaan
2023-07-11 15:59:24,428,at-st,empire,3,8,2,2,Eriadu
2023-07-11 15:59:23,429,unknown,empire,4,6,2,5,Troiken
2023-07-11 15:59:22,430,at-at,resistance,4,4,6,4,Dathomir
2023-07-11 15:59:21,431,x-wing,empire,3,2,7,1,Concord Dawn
2023-07-11 15:59:20,432,at-at,empire,2,3,10,9,Aleen Minor
2023-07-11 15:59:19,433,resistance_soldier,empire,2,2,2,7,Shili
2023-07-11 15:59:18,434,unknown,resistance,9,9,6,7,Serenno
2023-07-11 15:59:17,435,at-at,resistance,10,5,1,9,Socorro
2023-07-11 15:59:16,436,at-at,resistance,2,3,10,4,Chandrila
2023-07-11 15:59:15,437,resistance_soldier,resistance,6,2,7,9,Toydaria
2023-07-11 15:59:14,438,stormtrooper,resistance,7,7,3,2,Iktotch
2023-07-11 15:59:13,439,unknown,resistance,2,1,10,7,Skako
2023-07-11 15:59:12,440,x-wing,empire,9,5,8,1,Mon Cala
2023-07-11 15:59:11,441,unknown,resistance,5,10,6,7,Toydaria
2023-07-11 15:59:10,442,x-wing,empire,9,5,1,9,Troiken
2023-07-11 15:59:09,443,stormtrooper,resistance,5,10,10,10,Alderaan
2023-07-11 15:59:08,444,unknown,resistance,9,2,2,6,Tund
2023-07-11 15:59:07,445,resistance_soldier,resistance,10,8,9,9,Trandosha
2023-07-11 15:59:06,446,at-st,resistance,3,4,1,1,Tholoth
2023-07-11 15:59:05,447,at-st,resistance,8,3,9,8,Troiken
2023-07-11 15:59:04,448,at-st,resistance,8,3,6,1,Vulpter
2023-07-11 15:59:03,449,x-wing,empire,10,6,2,9,Quermia
2023-07-11 15:59:02,450,resistance_soldier,empire,4,7,9,8,Mon Cala
2023-07-11 15:59:01,451,at-st,resistance,2,2,7,5,Trandosha
2023-07-11 15:59:00,452,unknown,resistance,6,10,6,8,Shili
2023-07-11 15:58:59,453,resistance_soldier,resistance,8,5,9,4,Eriadu
2023-07-11 15:58:58,454,at-at,empire,10,1,5,7,Zolan
2023-07-11 15:58:57,455,tie_fighter,resistance,6,4,5,8,Trandosha
2023-07-11 15:58:56,456,stormtrooper,empire,1,4,10,2,Corellia
2023-07-11 15:58:55,457,tie_fighter,resistance,5,1,6,6,Mirial
2023-07-11 15:58:54,458,resistance_soldier,resistance,4,3,9,10,Rodia
2023-07-11 15:58:53,459,unknown,resistance,8,2,3,9,Troiken
2023-07-11 15:58:52,460,stormtrooper,resistance,9,4,9,3,Glee Anselm
2023-07-11 15:58:51,461,stormtrooper,resistance,7,7,1,5,Troiken
2023-07-11 15:58:50,462,resistance_soldier,empire,1,6,3,3,Toydaria
2023-07-11 15:58:49,463,at-st,resistance,10,7,4,10,Serenno
2023-07-11 15:58:48,464,unknown,resistance,1,5,6,1,Iridonia
2023-07-11 15:58:47,465,at-st,resistance,5,7,1,2,Naboo
2023-07-11 15:58:46,466,tie_fighter,resistance,5,4,1,1,Iktotch
2023-07-11 15:58:45,467,x-wing,empire,7,1,2,5,Mirial
2023-07-11 15:58:44,468,stormtrooper,empire,5,9,3,9,Trandosha
2023-07-11 15:58:43,469,tie_silencer,resistance,2,3,2,3,Champala
2023-07-11 15:58:42,470,tie_silencer,resistance,7,6,6,10,Rodia
2023-07-11 15:58:41,471,tie_silencer,empire,4,6,7,9,Tatooine
2023-07-11 15:58:40,472,tie_silencer,empire,7,10,10,1,Chandrila
2023-07-11 15:58:39,473,x-wing,resistance,4,3,8,5,Naboo
2023-07-11 15:58:38,474,unknown,empire,9,1,9,4,Kalee
2023-07-11 15:58:37,475,at-st,empire,7,3,4,3,Stewjon
2023-07-11 15:58:36,476,tie_silencer,resistance,6,1,6,7,Tund
2023-07-11 15:58:35,477,x-wing,resistance,3,5,9,6,Serenno
2023-07-11 15:58:34,478,unknown,resistance,10,6,7,7,Trandosha
2023-07-11 15:58:33,479,stormtrooper,resistance,7,1,9,3,Iridonia
2023-07-11 15:58:32,480,at-st,empire,10,10,9,9,Cerea
2023-07-11 15:58:31,481,stormtrooper,empire,3,3,4,6,Dagobah
2023-07-11 15:58:30,482,unknown,empire,3,5,7,5,Haruun Kal
2023-07-11 15:58:29,483,stormtrooper,empire,4,6,7,1,Alderaan
2023-07-11 15:58:28,484,tie_silencer,empire,7,9,3,3,Eriadu
2023-07-11 15:58:27,485,tie_silencer,resistance,9,2,9,1,Muunilinst
2023-07-11 15:58:26,486,stormtrooper,resistance,4,10,2,4,Tatooine
2023-07-11 15:58:25,487,at-at,empire,5,2,6,2,Champala
2023-07-11 15:58:24,488,resistance_soldier,resistance,3,7,9,2,Zolan
2023-07-11 15:58:23,489,at-st,resistance,10,8,7,10,Champala
2023-07-11 15:58:22,490,at-at,empire,7,8,1,4,Sullust
2023-07-11 15:58:21,491,at-at,empire,6,10,4,3,Concord Dawn
2023-07-11 15:58:20,492,tie_fighter,empire,3,8,7,10,Zolan
2023-07-11 15:58:19,493,x-wing,resistance,9,6,3,10,Dorin
2023-07-11 15:58:18,494,tie_silencer,empire,1,4,5,5,Stewjon
2023-07-11 15:58:17,495,tie_fighter,empire,1,1,3,5,Mon Cala
2023-07-11 15:58:16,496,at-at,empire,4,9,3,5,Concord Dawn
2023-07-11 15:58:15,497,at-at,empire,6,3,5,8,Iktotch
2023-07-11 15:58:14,498,resistance_soldier,resistance,7,5,6,9,Stewjon
2023-07-11 15:58:13,499,tie_silencer,resistance,6,3,7,6,Naboo
2023-07-11 15:58:12,500,tie_silencer,empire,4,8,6,3,Rodia
2023-07-11 15:58:11,501,at-st,resistance,8,7,9,1,Ojom
2023-07-11 15:58:10,502,resistance_soldier,resistance,9,2,3,8,Stewjon
2023-07-11 15:58:09,503,at-at,empire,8,8,6,9,Dagobah
2023-07-11 15:58:08,504,x-wing,resistance,6,6,3,5,Muunilinst
2023-07-11 15:58:07,505,tie_fighter,empire,10,10,5,8,Quermia
2023-07-11 15:58:06,506,at-st,resistance,10,6,2,5,Muunilinst
2023-07-11 15:58:05,507,x-wing,empire,4,8,10,1,Toydaria
2023-07-11 15:58:04,508,at-st,empire,10,1,6,8,Champala
2023-07-11 15:58:03,509,stormtrooper,resistance,3,1,8,10,Socorro
2023-07-11 15:58:02,510,stormtrooper,resistance,5,10,7,9,Ojom
2023-07-11 15:58:01,511,unknown,empire,1,2,10,5,Naboo
2023-07-11 15:58:00,512,tie_silencer,empire,5,1,1,10,Dagobah
2023-07-11 15:57:59,513,at-at,resistance,8,6,5,10,Serenno
2023-07-11 15:57:58,514,resistance_soldier,resistance,9,3,6,10,Ojom
2023-07-11 15:57:57,515,resistance_soldier,resistance,8,8,3,8,Ryloth
2023-07-11 15:57:56,516,tie_silencer,empire,4,4,1,2,Iridonia
2023-07-11 15:57:55,517,stormtrooper,empire,2,1,8,1,Zolan
2023-07-11 15:57:54,518,at-st,empire,2,8,5,6,Kashyyyk
2023-07-11 15:57:53,519,x-wing,resistance,6,10,1,1,Chandrila
2023-07-11 15:57:52,520,stormtrooper,empire,7,10,5,1,Cerea
2023-07-11 15:57:51,521,tie_silencer,resistance,9,9,6,7,Champala
2023-07-11 15:57:50,522,x-wing,empire,2,6,3,2,Mon Cala
2023-07-11 15:57:49,523,x-wing,empire,2,6,4,4,Tholoth
2023-07-11 15:57:48,524,tie_fighter,empire,4,10,2,1,Haruun Kal
2023-07-11 15:57:47,525,tie_fighter,resistance,8,3,7,2,Zolan
2023-07-11 15:57:46,526,at-st,empire,4,1,9,10,Mirial
2023-07-11 15:57:45,527,tie_silencer,empire,4,7,4,9,Umbara
2023-07-11 15:57:44,528,tie_fighter,resistance,8,9,3,2,Stewjon
2023-07-11 15:57:43,529,stormtrooper,resistance,3,10,8,8,Alderaan
2023-07-11 15:57:42,530,at-st,resistance,8,5,1,9,Iridonia
2023-07-11 15:57:41,531,resistance_soldier,empire,10,7,3,7,Socorro
2023-07-11 15:57:40,532,stormtrooper,empire,9,3,10,6,Naboo
2023-07-11 15:57:39,533,x-wing,resistance,1,3,3,10,Troiken
2023-07-11 15:57:38,534,stormtrooper,resistance,1,9,5,6,Aleen Minor
2023-07-11 15:57:37,535,resistance_soldier,resistance,10,1,5,1,Serenno
2023-07-11 15:57:36,536,at-at,empire,8,4,6,1,Aleen Minor
2023-07-11 15:57:35,537,at-at,resistance,10,5,5,2,Cerea
2023-07-11 15:57:34,538,tie_silencer,empire,5,10,9,10,Alderaan
2023-07-11 15:57:33,539,x-wing,empire,9,4,2,1,Tatooine
2023-07-11 15:57:32,540,tie_fighter,empire,10,10,1,9,Concord Dawn
2023-07-11 15:57:31,541,stormtrooper,empire,1,6,8,2,Cerea
2023-07-11 15:57:30,542,x-wing,empire,8,10,4,5,Kashyyyk
2023-07-11 15:57:29,543,at-st,empire,5,8,1,8,Dagobah
2023-07-11 15:57:28,544,x-wing,empire,2,10,7,5,Shili
2023-07-11 15:57:27,545,unknown,resistance,8,8,5,7,Kashyyyk
2023-07-11 15:57:26,546,tie_silencer,empire,1,2,5,8,Skako
2023-07-11 15:57:25,547,at-st,resistance,1,2,10,1,Ojom
2023-07-11 15:57:24,548,resistance_soldier,empire,6,1,1,4,Malastare
2023-07-11 15:57:23,549,x-wing,resistance,6,6,5,1,Mirial
2023-07-11 15:57:22,550,at-at,resistance,9,6,3,5,Umbara
2023-07-11 15:57:21,551,unknown,empire,9,5,7,1,Shili
2023-07-11 15:57:20,552,tie_silencer,resistance,6,3,10,9,Dagobah
2023-07-11 15:57:19,553,resistance_soldier,resistance,7,4,5,9,Mon Cala
2023-07-11 15:57:18,554,at-at,empire,7,7,5,4,Alderaan
2023-07-11 15:57:17,555,stormtrooper,empire,8,6,4,2,Iridonia
2023-07-11 15:57:16,556,tie_silencer,empire,1,1,9,9,Dathomir
2023-07-11 15:57:15,557,x-wing,empire,6,2,3,4,Shili
2023-07-11 15:57:14,558,tie_silencer,resistance,5,1,3,9,Socorro
2023-07-11 15:57:13,559,unknown,empire,1,10,1,3,Socorro
2023-07-11 15:57:12,560,x-wing,empire,9,6,8,1,Socorro
2023-07-11 15:57:11,561,at-st,resistance,7,1,7,9,Corellia
2023-07-11 15:57:10,562,tie_silencer,resistance,7,10,1,10,Tholoth
2023-07-11 15:57:09,563,tie_silencer,resistance,7,5,3,8,Iktotch
2023-07-11 15:57:08,564,tie_silencer,resistance,6,8,2,1,Naboo
2023-07-11 15:57:07,565,x-wing,resistance,9,9,3,1,Mirial
2023-07-11 15:57:06,566,at-at,resistance,7,10,10,2,Trandosha
2023-07-11 15:57:05,567,x-wing,empire,7,9,5,4,Dathomir
2023-07-11 15:57:04,568,x-wing,empire,7,2,4,5,Mirial
2023-07-11 15:57:03,569,at-st,resistance,7,7,5,3,Alderaan
2023-07-11 15:57:02,570,at-st,resistance,10,9,2,7,Corellia
2023-07-11 15:57:01,571,stormtrooper,resistance,5,1,8,8,Muunilinst
2023-07-11 15:57:00,572,tie_silencer,empire,9,7,5,8,Naboo
2023-07-11 15:56:59,573,unknown,resistance,8,6,6,4,Aleen Minor
2023-07-11 15:56:58,574,tie_silencer,empire,5,7,8,7,Troiken
2023-07-11 15:56:57,575,resistance_soldier,empire,8,1,10,2,Skako
2023-07-11 15:56:56,576,at-st,empire,2,4,7,7,Aleen Minor
2023-07-11 15:56:55,577,tie_silencer,empire,9,1,9,2,Concord Dawn
2023-07-11 15:56:54,578,at-st,resistance,7,4,7,9,Serenno
2023-07-11 15:56:53,579,tie_silencer,empire,1,5,5,5,Kalee
2023-07-11 15:56:52,580,at-st,empire,9,6,4,10,Alderaan
2023-07-11 15:56:51,581,tie_fighter,resistance,3,8,1,7,Malastare
2023-07-11 15:56:50,582,at-at,empire,6,4,10,6,Vulpter
2023-07-11 15:56:49,583,unknown,empire,9,3,1,1,Champala
2023-07-11 15:56:48,584,unknown,empire,7,6,4,4,Concord Dawn
2023-07-11 15:56:47,585,stormtrooper,resistance,1,8,7,6,Kalee
2023-07-11 15:56:46,586,stormtrooper,empire,5,8,8,6,Alderaan
2023-07-11 15:56:45,587,tie_fighter,resistance,2,5,7,5,Quermia
2023-07-11 15:56:44,588,tie_silencer,empire,9,3,10,7,Skako
2023-07-11 15:56:43,589,resistance_soldier,empire,10,10,7,6,Naboo
2023-07-11 15:56:42,590,at-st,empire,1,5,10,2,Toydaria
2023-07-11 15:56:41,591,x-wing,resistance,9,4,6,2,Rodia
2023-07-11 15:56:40,592,at-at,empire,2,6,2,6,Eriadu
2023-07-11 15:56:39,593,resistance_soldier,resistance,8,9,1,1,Sullust
2023-07-11 15:56:38,594,unknown,resistance,1,1,8,2,Chandrila
2023-07-11 15:56:37,595,stormtrooper,resistance,10,6,4,9,Glee Anselm
2023-07-11 15:56:36,596,tie_fighter,empire,8,10,9,10,Eriadu
2023-07-11 15:56:35,597,at-at,resistance,9,8,1,8,Shili
2023-07-11 15:56:34,598,stormtrooper,resistance,8,5,8,2,Tholoth
2023-07-11 15:56:33,599,at-st,resistance,7,3,7,8,Kalee
2023-07-11 15:56:32,600,at-st,empire,6,10,4,8,Ojom
2023-07-11 15:56:31,601,x-wing,empire,10,8,6,1,Champala
2023-07-11 15:56:30,602,resistance_soldier,empire,10,1,7,3,Concord Dawn
2023-07-11 15:56:29,603,x-wing,resistance,6,4,1,10,Iridonia
2023-07-11 15:56:28,604,at-at,resistance,10,1,8,8,Stewjon
2023-07-11 15:56:27,605,tie_fighter,resistance,1,1,10,8,Iridonia
2023-07-11 15:56:26,606,at-st,empire,6,5,4,10,Naboo
2023-07-11 15:56:25,607,x-wing,empire,3,6,2,8,Champala
2023-07-11 15:56:24,608,at-st,empire,6,10,6,2,Stewjon
2023-07-11 15:56:23,609,x-wing,empire,6,9,6,4,Mon Cala
2023-07-11 15:56:22,610,stormtrooper,empire,7,2,8,5,Muunilinst
2023-07-11 15:56:21,611,resistance_soldier,empire,4,5,4,5,Dorin
2023-07-11 15:56:20,612,at-at,empire,10,9,8,2,Mon Cala
2023-07-11 15:56:19,613,tie_silencer,empire,3,8,9,1,Tund
2023-07-11 15:56:18,614,tie_silencer,empire,3,6,3,6,Socorro
2023-07-11 15:56:17,615,tie_fighter,empire,3,5,1,9,Corellia
2023-07-11 15:56:16,616,resistance_soldier,empire,1,9,10,8,Skako
2023-07-11 15:56:15,617,tie_fighter,empire,2,5,10,3,Dathomir
2023-07-11 15:56:14,618,tie_silencer,resistance,9,3,9,7,Naboo
2023-07-11 15:56:13,619,x-wing,empire,7,5,1,5,Chandrila
2023-07-11 15:56:12,620,resistance_soldier,empire,2,5,8,5,Dorin
2023-07-11 15:56:11,621,stormtrooper,resistance,8,9,4,3,Tund
2023-07-11 15:56:10,622,unknown,empire,1,7,7,5,Tund
2023-07-11 15:56:09,623,x-wing,empire,2,8,7,9,Rodia
2023-07-11 15:56:08,624,x-wing,empire,2,7,7,3,Vulpter
2023-07-11 15:56:07,625,tie_silencer,empire,4,2,10,9,Concord Dawn
2023-07-11 15:56:06,626,tie_fighter,resistance,6,4,9,2,Tund
2023-07-11 15:56:05,627,stormtrooper,resistance,10,3,10,1,Mirial
2023-07-11 15:56:04,628,tie_silencer,empire,6,9,8,10,Alderaan
2023-07-11 15:56:03,629,stormtrooper,resistance,2,9,2,2,Glee Anselm
2023-07-11 15:56:02,630,at-st,empire,8,3,5,1,Serenno
2023-07-11 15:56:01,631,tie_fighter,empire,4,5,3,8,Tatooine
2023-07-11 15:56:00,632,x-wing,resistance,10,4,5,5,Glee Anselm
2023-07-11 15:55:59,633,tie_silencer,empire,7,3,2,4,Iktotch
2023-07-11 15:55:58,634,stormtrooper,empire,5,1,5,1,Skako
2023-07-11 15:55:57,635,at-st,resistance,1,9,1,1,Alderaan
2023-07-11 15:55:56,636,at-st,resistance,7,6,2,6,Sullust
2023-07-11 15:55:55,637,tie_fighter,resistance,2,1,3,10,Kashyyyk
2023-07-11 15:55:54,638,stormtrooper,resistance,2,5,7,2,Skako
2023-07-11 15:55:53,639,resistance_soldier,empire,7,8,9,9,Naboo
2023-07-11 15:55:52,640,at-st,empire,10,8,5,3,Shili
2023-07-11 15:55:51,641,at-at,resistance,8,2,7,6,Trandosha
2023-07-11 15:55:50,642,tie_fighter,empire,1,3,3,9,Quermia
2023-07-11 15:55:49,643,tie_silencer,resistance,3,2,8,8,Skako
2023-07-11 15:55:48,644,at-st,resistance,8,10,8,2,Glee Anselm
2023-07-11 15:55:47,645,x-wing,resistance,5,5,4,3,Cerea
2023-07-11 15:55:46,646,at-st,empire,9,5,3,2,Iridonia
2023-07-11 15:55:45,647,unknown,empire,2,6,8,6,Iridonia
2023-07-11 15:55:44,648,resistance_soldier,empire,3,6,6,9,Vulpter
2023-07-11 15:55:43,649,x-wing,empire,10,10,8,2,Concord Dawn
2023-07-11 15:55:42,650,tie_silencer,resistance,3,10,10,3,Alderaan
2023-07-11 15:55:41,651,resistance_soldier,empire,4,1,2,8,Aleen Minor
2023-07-11 15:55:40,652,tie_fighter,resistance,4,3,9,4,Glee Anselm
2023-07-11 15:55:39,653,resistance_soldier,resistance,2,2,5,5,Cerea
2023-07-11 15:55:38,654,tie_fighter,resistance,6,9,3,5,Kalee
2023-07-11 15:55:37,655,unknown,resistance,1,5,7,10,Champala
2023-07-11 15:55:36,656,tie_fighter,resistance,5,5,5,1,Muunilinst
2023-07-11 15:55:35,657,unknown,empire,6,8,9,8,Vulpter
2023-07-11 15:55:34,658,unknown,empire,10,3,7,8,Trandosha
2023-07-11 15:55:33,659,unknown,resistance,5,2,7,10,Tund
2023-07-11 15:55:32,660,resistance_soldier,empire,1,2,1,4,Bestine IV
2023-07-11 15:55:31,661,tie_silencer,empire,10,6,4,5,Tholoth
2023-07-11 15:55:30,662,tie_silencer,empire,6,3,8,10,Kalee
2023-07-11 15:55:29,663,resistance_soldier,empire,1,3,5,7,Kashyyyk
2023-07-11 15:55:28,664,tie_fighter,resistance,2,3,7,7,Vulpter
2023-07-11 15:55:27,665,stormtrooper,empire,2,5,9,1,Serenno
2023-07-11 15:55:26,666,unknown,empire,6,10,4,4,Rodia
2023-07-11 15:55:25,667,stormtrooper,empire,9,5,2,3,Kalee
2023-07-11 15:55:24,668,x-wing,empire,1,3,7,5,Iktotch
2023-07-11 15:55:23,669,at-at,resistance,4,10,10,10,Skako
2023-07-11 15:55:22,670,stormtrooper,resistance,2,8,4,5,Haruun Kal
2023-07-11 15:55:21,671,stormtrooper,empire,10,10,4,5,Skako
2023-07-11 15:55:20,672,stormtrooper,empire,6,3,1,2,Stewjon
2023-07-11 15:55:19,673,tie_silencer,resistance,10,10,9,1,Corellia
2023-07-11 15:55:18,674,stormtrooper,resistance,4,10,7,4,Muunilinst
2023-07-11 15:55:17,675,at-st,resistance,9,6,6,7,Haruun Kal
2023-07-11 15:55:16,676,unknown,empire,4,5,6,3,Dathomir
2023-07-11 15:55:15,677,at-st,empire,6,5,10,8,Umbara
2023-07-11 15:55:14,678,tie_silencer,empire,9,2,7,9,Dathomir
2023-07-11 15:55:13,679,tie_silencer,empire,4,1,2,7,Mon Cala
2023-07-11 15:55:12,680,at-st,resistance,8,1,3,6,Ryloth
2023-07-11 15:55:11,681,unknown,resistance,2,7,6,8,Sullust
2023-07-11 15:55:10,682,at-at,empire,4,9,5,8,Ryloth
2023-07-11 15:55:09,683,tie_fighter,resistance,5,4,5,6,Bestine IV
2023-07-11 15:55:08,684,at-st,empire,2,2,8,9,Dorin
2023-07-11 15:55:07,685,resistance_soldier,empire,4,10,9,10,Mon Cala
2023-07-11 15:55:06,686,at-st,resistance,10,6,7,6,Concord Dawn
2023-07-11 15:55:05,687,at-at,resistance,5,5,3,8,Kalee
2023-07-11 15:55:04,688,stormtrooper,empire,8,2,9,9,Tatooine
2023-07-11 15:55:03,689,x-wing,empire,9,8,8,9,Dathomir
2023-07-11 15:55:02,690,stormtrooper,empire,2,10,1,6,Skako
2023-07-11 15:55:01,691,x-wing,resistance,5,1,5,3,Corellia
2023-07-11 15:55:00,692,unknown,resistance,6,8,1,7,Muunilinst
2023-07-11 15:54:59,693,unknown,empire,4,6,10,6,Cerea
2023-07-11 15:54:58,694,at-st,resistance,4,9,5,7,Cerea
2023-07-11 15:54:57,695,stormtrooper,empire,2,1,3,3,Champala
2023-07-11 15:54:56,696,at-st,resistance,9,5,5,6,Umbara
2023-07-11 15:54:55,697,tie_silencer,resistance,9,4,1,3,Iridonia
2023-07-11 15:54:54,698,stormtrooper,empire,2,2,6,9,Toydaria
2023-07-11 15:54:53,699,unknown,resistance,7,2,4,10,Ojom
2023-07-11 15:54:52,700,x-wing,empire,1,1,5,8,Dagobah
2023-07-11 15:54:51,701,unknown,resistance,10,2,6,6,Alderaan
2023-07-11 15:54:50,702,tie_fighter,resistance,9,5,1,8,Socorro
2023-07-11 15:54:49,703,unknown,resistance,9,4,2,7,Skako
2023-07-11 15:54:48,704,tie_fighter,empire,2,4,4,4,Haruun Kal
2023-07-11 15:54:47,705,at-at,empire,10,5,7,1,Mirial
2023-07-11 15:54:46,706,at-at,resistance,4,1,2,3,Rodia
2023-07-11 15:54:45,707,tie_fighter,empire,2,7,5,9,Alderaan
2023-07-11 15:54:44,708,at-st,resistance,2,9,3,1,Serenno
2023-07-11 15:54:43,709,at-at,empire,9,7,10,9,Mirial
2023-07-11 15:54:42,710,tie_silencer,resistance,3,6,10,9,Muunilinst
2023-07-11 15:54:41,711,tie_fighter,empire,10,6,2,7,Kalee
2023-07-11 15:54:40,712,tie_fighter,resistance,9,10,4,3,Stewjon
2023-07-11 15:54:39,713,stormtrooper,empire,4,9,1,5,Bestine IV
2023-07-11 15:54:38,714,at-at,empire,10,8,9,8,Glee Anselm
2023-07-11 15:54:37,715,x-wing,empire,9,7,5,10,Mirial
2023-07-11 15:54:36,716,stormtrooper,resistance,1,8,6,3,Iktotch
2023-07-11 15:54:35,717,at-st,empire,5,9,7,3,Muunilinst
2023-07-11 15:54:34,718,unknown,resistance,8,10,6,1,Stewjon
2023-07-11 15:54:33,719,unknown,empire,2,3,7,5,Chandrila
2023-07-11 15:54:32,720,at-st,empire,2,5,1,2,Tholoth
2023-07-11 15:54:31,721,tie_fighter,empire,9,3,3,9,Sullust
2023-07-11 15:54:30,722,at-at,resistance,10,8,8,9,Chandrila
2023-07-11 15:54:29,723,tie_silencer,empire,10,4,1,2,Zolan
2023-07-11 15:54:28,724,stormtrooper,resistance,1,7,5,8,Glee Anselm
2023-07-11 15:54:27,725,tie_silencer,empire,9,6,3,8,Kashyyyk
2023-07-11 15:54:26,726,x-wing,empire,5,4,7,2,Alderaan
2023-07-11 15:54:25,727,at-at,resistance,1,10,5,2,Ojom
2023-07-11 15:54:24,728,stormtrooper,empire,6,6,8,1,Trandosha
2023-07-11 15:54:23,729,x-wing,empire,8,4,9,8,Aleen Minor
2023-07-11 15:54:22,730,at-at,empire,6,10,6,8,Kalee
2023-07-11 15:54:21,731,resistance_soldier,resistance,5,6,1,2,Mon Cala
2023-07-11 15:54:20,732,resistance_soldier,empire,8,2,6,2,Corellia
2023-07-11 15:54:19,733,resistance_soldier,empire,6,8,7,10,Champala
2023-07-11 15:54:18,734,at-st,resistance,5,3,3,9,Tatooine
2023-07-11 15:54:17,735,unknown,empire,3,6,1,9,Champala
2023-07-11 15:54:16,736,tie_fighter,empire,7,8,1,4,Ryloth
2023-07-11 15:54:15,737,tie_fighter,empire,1,1,2,8,Haruun Kal
2023-07-11 15:54:14,738,x-wing,empire,8,9,10,9,Tatooine
2023-07-11 15:54:13,739,at-at,empire,2,4,9,2,Eriadu
2023-07-11 15:54:12,740,tie_fighter,resistance,1,8,6,3,Iktotch
2023-07-11 15:54:11,741,at-st,resistance,6,7,2,6,Rodia
2023-07-11 15:54:10,742,x-wing,empire,7,3,7,7,Stewjon
2023-07-11 15:54:09,743,resistance_soldier,empire,5,10,9,4,Skako
2023-07-11 15:54:08,744,tie_fighter,resistance,8,9,6,1,Cerea
2023-07-11 15:54:07,745,stormtrooper,resistance,1,8,4,4,Ryloth
2023-07-11 15:54:06,746,resistance_soldier,empire,9,4,9,7,Zolan
2023-07-11 15:54:05,747,unknown,resistance,7,6,10,9,Rodia
2023-07-11 15:54:04,748,at-st,empire,8,2,6,2,Kashyyyk
2023-07-11 15:54:03,749,unknown,empire,4,7,7,6,Aleen Minor
2023-07-11 15:54:02,750,stormtrooper,resistance,8,7,4,9,Rodia
2023-07-11 15:54:01,751,at-st,resistance,5,4,5,2,Vulpter
2023-07-11 15:54:00,752,x-wing,empire,3,1,3,1,Sullust
2023-07-11 15:53:59,753,tie_silencer,empire,9,7,10,8,Mirial
2023-07-11 15:53:58,754,at-st,empire,6,2,8,8,Quermia
2023-07-11 15:53:57,755,at-at,empire,6,10,3,8,Kalee
2023-07-11 15:53:56,756,stormtrooper,resistance,7,4,9,7,Tatooine
2023-07-11 15:53:55,757,tie_silencer,empire,1,6,2,6,Naboo
2023-07-11 15:53:54,758,tie_silencer,resistance,5,1,6,3,Trandosha
2023-07-11 15:53:53,759,at-at,empire,9,4,4,8,Muunilinst
2023-07-11 15:53:52,760,unknown,resistance,1,1,9,6,Glee Anselm
2023-07-11 15:53:51,761,x-wing,resistance,10,9,3,8,Ojom
2023-07-11 15:53:50,762,stormtrooper,resistance,6,3,7,6,Mon Cala
2023-07-11 15:53:49,763,at-st,empire,8,6,6,10,Ryloth
2023-07-11 15:53:48,764,tie_fighter,empire,10,6,6,1,Dathomir
2023-07-11 15:53:47,765,x-wing,resistance,5,9,8,8,Toydaria
2023-07-11 15:53:46,766,at-st,empire,10,5,8,9,Naboo
2023-07-11 15:53:45,767,tie_silencer,resistance,5,3,5,4,Alderaan
2023-07-11 15:53:44,768,tie_fighter,resistance,3,9,8,10,Aleen Minor
2023-07-11 15:53:43,769,x-wing,resistance,5,1,7,5,Malastare
2023-07-11 15:53:42,770,stormtrooper,resistance,9,6,2,8,Toydaria
2023-07-11 15:53:41,771,tie_fighter,resistance,2,8,1,5,Serenno
2023-07-11 15:53:40,772,unknown,resistance,5,5,2,5,Rodia
2023-07-11 15:53:39,773,unknown,empire,5,9,2,4,Ryloth
2023-07-11 15:53:38,774,at-at,empire,3,5,1,1,Tund
2023-07-11 15:53:37,775,at-st,empire,8,9,6,3,Umbara
2023-07-11 15:53:36,776,unknown,resistance,1,8,3,4,Dorin
2023-07-11 15:53:35,777,resistance_soldier,empire,7,2,1,10,Shili
2023-07-11 15:53:34,778,tie_silencer,resistance,9,2,8,9,Zolan
2023-07-11 15:53:33,779,tie_fighter,empire,4,7,2,8,Muunilinst
2023-07-11 15:53:32,780,at-st,resistance,9,9,2,4,Serenno
2023-07-11 15:53:31,781,at-st,resistance,3,8,4,5,Tatooine
2023-07-11 15:53:30,782,tie_silencer,empire,1,10,8,9,Alderaan
2023-07-11 15:53:29,783,at-at,resistance,8,2,1,4,Tholoth
2023-07-11 15:53:28,784,tie_fighter,empire,6,1,6,2,Tholoth
2023-07-11 15:53:27,785,at-at,resistance,10,4,5,6,Quermia
2023-07-11 15:53:26,786,at-at,resistance,10,6,6,9,Aleen Minor
2023-07-11 15:53:25,787,tie_silencer,resistance,6,1,5,7,Dorin
2023-07-11 15:53:24,788,tie_silencer,empire,10,4,7,4,Glee Anselm
2023-07-11 15:53:23,789,at-st,resistance,9,2,7,4,Shili
2023-07-11 15:53:22,790,unknown,resistance,4,2,5,6,Vulpter
2023-07-11 15:53:21,791,tie_fighter,empire,4,2,10,2,Glee Anselm
2023-07-11 15:53:20,792,unknown,resistance,2,8,6,10,Bestine IV
2023-07-11 15:53:19,793,at-st,resistance,7,2,8,8,Quermia
2023-07-11 15:53:18,794,at-st,resistance,1,5,9,1,Dorin
2023-07-11 15:53:17,795,stormtrooper,resistance,3,6,5,10,Champala
2023-07-11 15:53:16,796,stormtrooper,resistance,10,7,8,3,Corellia
2023-07-11 15:53:15,797,tie_fighter,empire,7,5,1,4,Skako
2023-07-11 15:53:14,798,stormtrooper,empire,7,7,1,1,Malastare
2023-07-11 15:53:13,799,x-wing,empire,10,3,10,2,Kashyyyk
2023-07-11 15:53:12,800,tie_silencer,resistance,7,6,5,4,Rodia
2023-07-11 15:53:11,801,x-wing,resistance,2,10,9,4,Kalee
2023-07-11 15:53:10,802,stormtrooper,empire,9,7,4,2,Troiken
2023-07-11 15:53:09,803,resistance_soldier,resistance,2,2,7,1,Trandosha
2023-07-11 15:53:08,804,stormtrooper,resistance,9,3,9,3,Eriadu
2023-07-11 15:53:07,805,unknown,resistance,1,6,2,3,Mon Cala
2023-07-11 15:53:06,806,stormtrooper,empire,8,7,2,7,Chandrila
2023-07-11 15:53:05,807,stormtrooper,empire,9,1,1,10,Troiken
2023-07-11 15:53:04,808,stormtrooper,empire,7,9,8,8,Rodia
2023-07-11 15:53:03,809,x-wing,empire,6,9,1,8,Socorro
2023-07-11 15:53:02,810,resistance_soldier,resistance,4,1,2,9,Dathomir
2023-07-11 15:53:01,811,at-at,empire,5,5,6,8,Troiken
2023-07-11 15:53:00,812,at-st,resistance,2,7,1,10,Cerea
2023-07-11 15:52:59,813,stormtrooper,resistance,8,2,5,9,Iridonia
2023-07-11 15:52:58,814,x-wing,empire,6,3,2,3,Mirial
2023-07-11 15:52:57,815,x-wing,resistance,4,7,1,2,Dorin
2023-07-11 15:52:56,816,tie_fighter,empire,7,4,6,7,Malastare
2023-07-11 15:52:55,817,unknown,resistance,4,8,7,8,Cerea
2023-07-11 15:52:54,818,stormtrooper,resistance,8,6,10,1,Alderaan
2023-07-11 15:52:53,819,at-at,empire,2,7,9,4,Stewjon
2023-07-11 15:52:52,820,at-st,empire,2,5,4,3,Alderaan
2023-07-11 15:52:51,821,at-at,empire,1,9,1,7,Iridonia
2023-07-11 15:52:50,822,unknown,resistance,3,5,10,2,Alderaan
2023-07-11 15:52:49,823,at-st,resistance,6,3,9,1,Tatooine
2023-07-11 15:52:48,824,resistance_soldier,empire,6,7,4,2,Mirial
2023-07-11 15:52:47,825,tie_fighter,empire,6,5,7,7,Mon Cala
2023-07-11 15:52:46,826,stormtrooper,resistance,5,1,7,3,Umbara
2023-07-11 15:52:45,827,unknown,empire,6,8,5,4,Tholoth
2023-07-11 15:52:44,828,x-wing,resistance,3,8,7,9,Rodia
2023-07-11 15:52:43,829,stormtrooper,resistance,6,3,6,8,Toydaria
2023-07-11 15:52:42,830,tie_silencer,empire,3,8,2,4,Kashyyyk
2023-07-11 15:52:41,831,tie_fighter,resistance,10,10,6,4,Tatooine
2023-07-11 15:52:40,832,at-at,resistance,3,10,6,9,Dorin
2023-07-11 15:52:39,833,tie_silencer,empire,9,8,10,8,Champala
2023-07-11 15:52:38,834,tie_fighter,resistance,1,6,3,6,Naboo
2023-07-11 15:52:37,835,tie_silencer,empire,2,2,4,2,Cerea
2023-07-11 15:52:36,836,stormtrooper,empire,7,3,7,10,Haruun Kal
2023-07-11 15:52:35,837,x-wing,resistance,8,10,9,6,Kashyyyk
2023-07-11 15:52:34,838,at-st,resistance,8,7,10,2,Haruun Kal
2023-07-11 15:52:33,839,at-at,empire,2,9,4,2,Skako
2023-07-11 15:52:32,840,unknown,resistance,8,7,2,8,Dorin
2023-07-11 15:52:31,841,at-at,empire,8,10,1,4,Corellia
2023-07-11 15:52:30,842,unknown,resistance,6,9,6,3,Concord Dawn
2023-07-11 15:52:29,843,x-wing,resistance,2,3,6,5,Muunilinst
2023-07-11 15:52:28,844,x-wing,resistance,8,1,3,2,Umbara
2023-07-11 15:52:27,845,resistance_soldier,resistance,3,8,6,7,Serenno
2023-07-11 15:52:26,846,x-wing,empire,1,7,3,6,Corellia
2023-07-11 15:52:25,847,stormtrooper,empire,4,3,6,5,Malastare
2023-07-11 15:52:24,848,at-at,empire,9,2,9,6,Malastare
2023-07-11 15:52:23,849,tie_fighter,resistance,2,4,3,9,Chandrila
2023-07-11 15:52:22,850,tie_fighter,empire,5,6,10,5,Malastare
2023-07-11 15:52:21,851,resistance_soldier,resistance,3,9,6,9,Tatooine
2023-07-11 15:52:20,852,at-st,resistance,4,10,4,9,Troiken
2023-07-11 15:52:19,853,stormtrooper,empire,1,3,8,1,Tholoth
2023-07-11 15:52:18,854,stormtrooper,resistance,3,3,10,7,Tatooine
2023-07-11 15:52:17,855,at-at,resistance,2,1,10,5,Aleen Minor
2023-07-11 15:52:16,856,at-st,empire,2,9,1,4,Toydaria
2023-07-11 15:52:15,857,tie_fighter,empire,1,9,2,10,Shili
2023-07-11 15:52:14,858,stormtrooper,empire,8,2,10,7,Vulpter
2023-07-11 15:52:13,859,tie_fighter,empire,3,4,3,9,Skako
2023-07-11 15:52:12,860,tie_fighter,empire,9,6,3,9,Kalee
2023-07-11 15:52:11,861,at-st,empire,4,4,8,5,Tholoth
2023-07-11 15:52:10,862,at-at,empire,1,10,3,3,Mon Cala
2023-07-11 15:52:09,863,tie_fighter,empire,9,9,10,4,Mon Cala
2023-07-11 15:52:08,864,at-at,resistance,1,7,10,2,Socorro
2023-07-11 15:52:07,865,tie_silencer,empire,8,1,10,3,Socorro
2023-07-11 15:52:06,866,tie_fighter,empire,5,9,3,5,Quermia
2023-07-11 15:52:05,867,x-wing,empire,10,8,1,1,Chandrila
2023-07-11 15:52:04,868,x-wing,resistance,3,10,6,4,Glee Anselm
2023-07-11 15:52:03,869,resistance_soldier,resistance,7,3,4,10,Mon Cala
2023-07-11 15:52:02,870,at-at,empire,8,9,1,9,Iridonia
2023-07-11 15:52:01,871,stormtrooper,empire,1,3,6,8,Chandrila
2023-07-11 15:52:00,872,tie_fighter,resistance,10,4,3,4,Glee Anselm
2023-07-11 15:51:59,873,resistance_soldier,empire,6,2,9,8,Kalee
2023-07-11 15:51:58,874,tie_silencer,resistance,10,9,10,6,Dathomir
2023-07-11 15:51:57,875,tie_silencer,empire,1,2,5,6,Chandrila
2023-07-11 15:51:56,876,tie_fighter,empire,2,8,10,1,Umbara
2023-07-11 15:51:55,877,resistance_soldier,empire,1,4,6,7,Quermia
2023-07-11 15:51:54,878,resistance_soldier,resistance,7,6,9,6,Dorin
2023-07-11 15:51:53,879,stormtrooper,empire,4,7,6,5,Naboo
2023-07-11 15:51:52,880,stormtrooper,resistance,7,4,5,10,Mon Cala
2023-07-11 15:51:51,881,resistance_soldier,empire,3,10,10,4,Socorro
2023-07-11 15:51:50,882,x-wing,resistance,6,7,5,1,Socorro
2023-07-11 15:51:49,883,x-wing,empire,1,4,9,9,Aleen Minor
2023-07-11 15:51:48,884,unknown,empire,8,4,8,7,Vulpter
2023-07-11 15:51:47,885,stormtrooper,empire,9,3,6,10,Umbara
2023-07-11 15:51:46,886,unknown,empire,7,2,1,8,Stewjon
2023-07-11 15:51:45,887,stormtrooper,empire,6,4,3,5,Toydaria
2023-07-11 15:51:44,888,x-wing,resistance,2,8,9,1,Toydaria
2023-07-11 15:51:43,889,resistance_soldier,empire,3,10,9,9,Glee Anselm
2023-07-11 15:51:42,890,at-st,resistance,10,8,10,5,Umbara
2023-07-11 15:51:41,891,at-at,empire,3,10,8,9,Serenno
2023-07-11 15:51:40,892,tie_silencer,empire,3,9,10,2,Tatooine
2023-07-11 15:51:39,893,at-st,resistance,1,7,5,7,Rodia
2023-07-11 15:51:38,894,x-wing,empire,9,5,4,8,Serenno
2023-07-11 15:51:37,895,unknown,resistance,6,2,7,6,Kashyyyk
2023-07-11 15:51:36,896,unknown,empire,4,5,9,4,Ojom
2023-07-11 15:51:35,897,tie_fighter,resistance,3,4,2,9,Dathomir
2023-07-11 15:51:34,898,tie_silencer,resistance,4,9,3,3,Iridonia
2023-07-11 15:51:33,899,tie_fighter,resistance,2,9,4,2,Ryloth
2023-07-11 15:51:32,900,stormtrooper,empire,8,4,9,2,Trandosha
2023-07-11 15:51:31,901,tie_fighter,resistance,6,1,4,7,Tatooine
2023-07-11 15:51:30,902,at-at,resistance,7,5,1,3,Iktotch
2023-07-11 15:51:29,903,tie_fighter,resistance,9,9,4,7,Vulpter
2023-07-11 15:51:28,904,at-st,resistance,6,10,9,4,Dorin
2023-07-11 15:51:27,905,tie_fighter,empire,3,6,9,2,Eriadu
2023-07-11 15:51:26,906,tie_fighter,resistance,6,8,3,7,Skako
2023-07-11 15:51:25,907,stormtrooper,resistance,6,10,7,9,Cerea
2023-07-11 15:51:24,908,tie_fighter,resistance,7,1,3,8,Dorin
2023-07-11 15:51:23,909,tie_silencer,empire,10,7,3,4,Chandrila
2023-07-11 15:51:22,910,at-at,empire,9,5,1,1,Skako
2023-07-11 15:51:21,911,at-st,resistance,9,3,2,3,Dagobah
2023-07-11 15:51:20,912,tie_fighter,resistance,4,9,6,9,Eriadu
2023-07-11 15:51:19,913,tie_fighter,resistance,8,1,5,10,Mirial
2023-07-11 15:51:18,914,unknown,empire,3,2,3,10,Corellia
2023-07-11 15:51:17,915,at-st,resistance,3,7,6,10,Troiken
2023-07-11 15:51:16,916,tie_silencer,resistance,5,3,5,8,Vulpter
2023-07-11 15:51:15,917,tie_fighter,empire,1,6,6,5,Tholoth
2023-07-11 15:51:14,918,unknown,resistance,2,7,8,7,Tund
2023-07-11 15:51:13,919,resistance_soldier,empire,3,2,7,2,Serenno
2023-07-11 15:51:12,920,at-st,resistance,3,4,2,1,Stewjon
2023-07-11 15:51:11,921,unknown,resistance,1,3,8,8,Muunilinst
2023-07-11 15:51:10,922,tie_fighter,empire,9,4,1,2,Naboo
2023-07-11 15:51:09,923,tie_fighter,resistance,9,7,1,4,Malastare
2023-07-11 15:51:08,924,at-at,empire,1,10,1,4,Socorro
2023-07-11 15:51:07,925,at-at,resistance,6,8,2,3,Ojom
2023-07-11 15:51:06,926,tie_silencer,empire,9,9,5,6,Tund
2023-07-11 15:51:05,927,x-wing,empire,8,7,5,4,Concord Dawn
2023-07-11 15:51:04,928,tie_silencer,empire,3,10,4,2,Zolan
2023-07-11 15:51:03,929,stormtrooper,resistance,2,5,8,10,Ojom
2023-07-11 15:51:02,930,resistance_soldier,empire,5,10,10,2,Tatooine
2023-07-11 15:51:01,931,tie_silencer,empire,10,5,7,6,Toydaria
2023-07-11 15:51:00,932,resistance_soldier,empire,8,7,8,1,Dathomir
2023-07-11 15:50:59,933,stormtrooper,resistance,5,7,6,8,Vulpter
2023-07-11 15:50:58,934,tie_silencer,resistance,9,1,9,8,Eriadu
2023-07-11 15:50:57,935,at-st,resistance,8,10,2,3,Corellia
2023-07-11 15:50:56,936,tie_fighter,empire,2,7,4,5,Toydaria
2023-07-11 15:50:55,937,unknown,resistance,4,3,10,5,Cerea
2023-07-11 15:50:54,938,resistance_soldier,resistance,9,1,4,4,Cerea
2023-07-11 15:50:53,939,resistance_soldier,empire,2,6,3,6,Kashyyyk
2023-07-11 15:50:52,940,x-wing,empire,10,5,10,9,Cerea
2023-07-11 15:50:51,941,tie_silencer,resistance,10,4,1,7,Dorin
2023-07-11 15:50:50,942,tie_fighter,resistance,3,4,9,9,Mon Cala
2023-07-11 15:50:49,943,tie_fighter,empire,8,1,10,6,Concord Dawn
2023-07-11 15:50:48,944,tie_fighter,empire,3,9,6,9,Skako
2023-07-11 15:50:47,945,x-wing,empire,2,1,1,6,Aleen Minor
2023-07-11 15:50:46,946,tie_fighter,resistance,6,10,5,8,Corellia
2023-07-11 15:50:45,947,x-wing,resistance,6,5,2,8,Bestine IV
2023-07-11 15:50:44,948,stormtrooper,empire,7,3,3,2,Bestine IV
2023-07-11 15:50:43,949,tie_silencer,empire,2,7,4,8,Kashyyyk
2023-07-11 15:50:42,950,unknown,empire,4,5,5,5,Kalee
2023-07-11 15:50:41,951,tie_fighter,empire,2,4,3,9,Dathomir
2023-07-11 15:50:40,952,resistance_soldier,empire,3,9,7,10,Alderaan
2023-07-11 15:50:39,953,tie_silencer,empire,4,1,3,5,Mirial
2023-07-11 15:50:38,954,at-at,empire,9,10,5,9,Rodia
2023-07-11 15:50:37,955,unknown,resistance,9,9,8,2,Trandosha
2023-07-11 15:50:36,956,tie_silencer,empire,5,4,5,2,Ryloth
2023-07-11 15:50:35,957,at-st,resistance,10,7,6,10,Quermia
2023-07-11 15:50:34,958,at-at,empire,9,7,4,1,Rodia
2023-07-11 15:50:33,959,resistance_soldier,empire,8,10,10,6,Eriadu
2023-07-11 15:50:32,960,tie_fighter,empire,6,9,5,4,Ryloth
2023-07-11 15:50:31,961,tie_silencer,resistance,4,2,8,1,Skako
2023-07-11 15:50:30,962,unknown,empire,8,8,8,8,Stewjon
2023-07-11 15:50:29,963,unknown,empire,8,1,5,8,Alderaan
2023-07-11 15:50:28,964,stormtrooper,empire,9,3,7,5,Muunilinst
2023-07-11 15:50:27,965,unknown,resistance,2,1,3,2,Dagobah
2023-07-11 15:50:26,966,x-wing,empire,10,3,10,7,Zolan
2023-07-11 15:50:25,967,x-wing,empire,5,8,3,3,Glee Anselm
2023-07-11 15:50:24,968,tie_fighter,empire,8,2,7,9,Champala
2023-07-11 15:50:23,969,stormtrooper,empire,6,4,3,4,Quermia
2023-07-11 15:50:22,970,stormtrooper,resistance,1,9,5,1,Stewjon
2023-07-11 15:50:21,971,tie_silencer,empire,1,8,2,3,Champala
2023-07-11 15:50:20,972,tie_silencer,resistance,3,9,8,2,Corellia
2023-07-11 15:50:19,973,at-at,empire,4,4,1,8,Trandosha
2023-07-11 15:50:18,974,at-st,resistance,3,6,5,2,Mon Cala
2023-07-11 15:50:17,975,unknown,resistance,4,1,6,1,Dagobah
2023-07-11 15:50:16,976,tie_silencer,empire,2,4,1,9,Umbara
2023-07-11 15:50:15,977,x-wing,resistance,6,1,2,1,Dathomir
2023-07-11 15:50:14,978,unknown,resistance,9,10,3,9,Skako
2023-07-11 15:50:13,979,resistance_soldier,empire,8,10,6,7,Tholoth
2023-07-11 15:50:12,980,tie_silencer,empire,5,8,3,9,Rodia
2023-07-11 15:50:11,981,resistance_soldier,empire,9,6,9,3,Mirial
2023-07-11 15:50:10,982,tie_fighter,resistance,5,5,7,3,Eriadu
2023-07-11 15:50:09,983,tie_fighter,resistance,1,1,8,8,Kashyyyk
2023-07-11 15:50:08,984,stormtrooper,resistance,4,10,10,8,Tund
2023-07-11 15:50:07,985,tie_silencer,resistance,9,8,5,3,Champala
2023-07-11 15:50:06,986,tie_silencer,empire,10,8,1,3,Glee Anselm
2023-07-11 15:50:05,987,at-st,empire,4,9,5,1,Skako
2023-07-11 15:50:04,988,tie_silencer,empire,4,5,8,5,Mon Cala
2023-07-11 15:50:03,989,at-st,empire,9,3,3,8,Tatooine
2023-07-11 15:50:02,990,resistance_soldier,empire,8,6,7,6,Ojom
2023-07-11 15:50:01,991,stormtrooper,empire,5,9,9,10,Eriadu
2023-07-11 15:50:00,992,at-at,resistance,10,10,2,4,Alderaan
2023-07-11 15:49:59,993,unknown,empire,5,6,2,8,Shili
2023-07-11 15:49:58,994,at-st,empire,5,1,8,2,Bestine IV
2023-07-11 15:49:57,995,resistance_soldier,empire,8,4,2,8,Concord Dawn
2023-07-11 15:49:56,996,tie_silencer,resistance,3,6,7,5,Dathomir
2023-07-11 15:49:55,997,at-at,resistance,4,3,1,7,Eriadu
2023-07-11 15:49:54,998,tie_fighter,resistance,10,10,5,9,Socorro
2023-07-11 15:49:53,999,unknown,empire,10,4,9,10,Toydaria
2023-07-11 15:49:52,1000,at-st,empire,1,10,1,8,Rodia
